,xmin,ymin,xmax,ymax,score,label
0,328.5041809082031,195.4978485107422,400.0,288.1382141113281,0.6646190881729126,Tree
1,132.01492309570312,228.13453674316406,210.92271423339844,309.44732666015625,0.40245071053504944,Tree
2,236.2542724609375,149.85818481445312,268.6641845703125,182.17874145507812,0.35572510957717896,Tree
