,xmin,ymin,xmax,ymax,score,label
0,97.01676940917969,69.3714370727539,159.0599365234375,137.27915954589844,0.728851318359375,Tree
1,306.8365783691406,34.6045036315918,394.44866943359375,120.42349243164062,0.6035041213035583,Tree
2,80.38151550292969,213.87136840820312,161.68695068359375,298.42431640625,0.5700493454933167,Tree
3,129.75140380859375,147.41900634765625,167.45062255859375,191.65945434570312,0.5405248999595642,Tree
4,235.1230010986328,0.0,296.3366394042969,40.28976058959961,0.4366512596607208,Tree
5,0.0016580857336521149,0.15205758810043335,33.166168212890625,25.480104446411133,0.2581431269645691,Tree
6,0.0,30.054218292236328,53.742393493652344,110.77497863769531,0.2223455309867859,Tree
7,331.3923034667969,208.2775421142578,371.2408142089844,244.041259765625,0.22135761380195618,Tree
