,xmin,ymin,xmax,ymax,score,label
0,124.86227416992188,36.92713165283203,232.81448364257812,138.05198669433594,0.6132456064224243,Tree
1,19.25141143798828,59.259239196777344,65.50277709960938,105.90911865234375,0.2949697971343994,Tree
2,0.0,20.23509407043457,19.72417640686035,58.67881393432617,0.27868303656578064,Tree
3,209.71250915527344,50.75825500488281,260.1018371582031,103.99906921386719,0.2349768877029419,Tree
