,xmin,ymin,xmax,ymax,score,label
0,211.94947814941406,141.20831298828125,318.2530517578125,258.142822265625,0.8335471153259277,Tree
1,304.4889831542969,324.1673889160156,393.7380065917969,398.6087646484375,0.35514748096466064,Tree
2,219.658935546875,64.52533721923828,240.9432830810547,86.24854278564453,0.3076344132423401,Tree
3,94.11921691894531,0.0,163.41854858398438,40.23905563354492,0.2329373061656952,Tree
