,xmin,ymin,xmax,ymax,score,label
0,59.399932861328125,145.9082794189453,120.84474182128906,216.82150268554688,0.6898564100265503,Tree
1,46.46225357055664,67.17005920410156,103.18103790283203,131.7812042236328,0.6186441779136658,Tree
2,85.70452117919922,2.421334743499756,136.8048553466797,54.76613998413086,0.3844794034957886,Tree
3,151.5381317138672,267.12371826171875,198.88442993164062,315.2210388183594,0.263919472694397,Tree
4,343.73699951171875,0.0,394.2590026855469,22.278573989868164,0.22527390718460083,Tree
