,xmin,ymin,xmax,ymax,score,label
0,77.55227661132812,263.00909423828125,192.0373077392578,370.84820556640625,0.8128014206886292,Tree
1,115.41554260253906,120.39139556884766,189.33155822753906,188.3029022216797,0.759299635887146,Tree
2,179.18063354492188,208.24417114257812,264.79638671875,308.2386474609375,0.6945258975028992,Tree
3,299.15283203125,239.50411987304688,379.9516296386719,324.5439453125,0.6239256262779236,Tree
4,91.3826904296875,0.0,149.0245361328125,46.308815002441406,0.39247965812683105,Tree
5,0.0,240.15280151367188,43.85845184326172,312.1402282714844,0.38765376806259155,Tree
6,282.3873291015625,354.216064453125,337.5022277832031,399.2081298828125,0.3572421073913574,Tree
7,222.17515563964844,0.0,328.5042419433594,63.33892822265625,0.3300069570541382,Tree
8,264.2440490722656,246.56227111816406,305.32977294921875,302.9514465332031,0.25396084785461426,Tree
