,xmin,ymin,xmax,ymax,score,label
0,57.39567947387695,275.2120361328125,98.41555786132812,318.347900390625,0.7162893414497375,Tree
1,205.47708129882812,129.54763793945312,280.1566162109375,207.866455078125,0.6264801025390625,Tree
2,280.7624206542969,314.4150085449219,354.20098876953125,397.7750549316406,0.6087719202041626,Tree
3,178.83067321777344,54.33216094970703,256.2720031738281,133.39462280273438,0.5536884069442749,Tree
4,3.701101779937744,22.837940216064453,62.374263763427734,87.75909423828125,0.5005450248718262,Tree
5,0.0,189.3562774658203,22.53235626220703,230.58782958984375,0.38293030858039856,Tree
6,0.7271714210510254,337.98455810546875,40.26360321044922,386.9877624511719,0.2777603268623352,Tree
7,122.32878875732422,0.0,156.7062530517578,19.774898529052734,0.26198798418045044,Tree
