,xmin,ymin,xmax,ymax,score,label
0,276.16326904296875,293.3106994628906,314.99285888671875,337.3835144042969,0.5333453416824341,Tree
1,18.377357482910156,24.96433448791504,34.053016662597656,42.0321044921875,0.21005168557167053,Tree
