,xmin,ymin,xmax,ymax,score,label
0,167.0843963623047,223.3553009033203,253.2689208984375,325.4439697265625,0.7873870134353638,Tree
1,262.2141418457031,23.827836990356445,312.1724548339844,78.90628051757812,0.613591730594635,Tree
2,156.11668395996094,0.0,251.54237365722656,73.59342193603516,0.5443482398986816,Tree
3,270.3209533691406,123.47261810302734,300.24530029296875,154.6642608642578,0.332600861787796,Tree
4,0.605710506439209,155.61512756347656,29.888648986816406,236.619873046875,0.2728409767150879,Tree
