,xmin,ymin,xmax,ymax,score,label
0,238.88284301757812,171.46290588378906,324.5340270996094,257.8888244628906,0.8175602555274963,Tree
1,217.02188110351562,2.4130687713623047,345.5906066894531,115.54459381103516,0.5589831471443176,Tree
2,173.588134765625,333.4818115234375,233.44113159179688,398.173095703125,0.5302628874778748,Tree
3,0.0,322.66357421875,56.16307830810547,395.0312805175781,0.42940378189086914,Tree
