,xmin,ymin,xmax,ymax,score,label
0,38.64738845825195,87.45194244384766,91.95699310302734,142.814697265625,0.7229436635971069,Tree
1,143.37147521972656,50.989219665527344,193.2102508544922,106.3997573852539,0.7186206579208374,Tree
2,186.25123596191406,0.0,250.4856414794922,51.92963790893555,0.5902894139289856,Tree
3,193.47605895996094,379.8189697265625,234.7897186279297,399.4577941894531,0.3488817811012268,Tree
4,377.3590393066406,294.3088073730469,400.0,341.1134948730469,0.3482559323310852,Tree
5,134.39027404785156,373.17523193359375,150.9130096435547,389.3545837402344,0.3073095977306366,Tree
6,209.55477905273438,62.914371490478516,226.36859130859375,82.52286529541016,0.22722217440605164,Tree
