,xmin,ymin,xmax,ymax,score,label
0,99.04491424560547,294.8602294921875,209.3272247314453,397.7224426269531,0.6576272249221802,Tree
