,xmin,ymin,xmax,ymax,score,label
0,207.78428649902344,144.00318908691406,330.8363952636719,260.1840515136719,0.7038413882255554,Tree
1,42.2102165222168,230.81015014648438,118.6576156616211,307.2424011230469,0.6070632338523865,Tree
2,143.0674285888672,276.1929016113281,244.63194274902344,387.26788330078125,0.5886324644088745,Tree
3,232.93502807617188,0.7164516448974609,356.212158203125,103.2672348022461,0.4402598738670349,Tree
