,xmin,ymin,xmax,ymax,score,label
0,182.5206298828125,247.8509521484375,294.5728454589844,354.077392578125,0.7838619947433472,Tree
1,151.39405822753906,14.016550064086914,246.18145751953125,106.43177795410156,0.7398969531059265,Tree
2,0.0,8.917306900024414,95.17005920410156,154.9180145263672,0.5532013177871704,Tree
3,162.00196838378906,204.91049194335938,229.7500762939453,269.3763732910156,0.4299926161766052,Tree
4,366.4388122558594,44.641357421875,399.6799011230469,95.60626220703125,0.4052142798900604,Tree
5,326.66790771484375,0.0,396.78033447265625,35.36341857910156,0.33834701776504517,Tree
