,xmin,ymin,xmax,ymax,score,label
0,54.1575813293457,262.51715087890625,152.12396240234375,365.5810852050781,0.7502049207687378,Tree
1,10.8627347946167,192.58782958984375,94.83674621582031,265.7467956542969,0.6143462061882019,Tree
2,356.84869384765625,195.0626220703125,400.0,242.21865844726562,0.545880913734436,Tree
3,0.1619189977645874,321.74346923828125,62.558738708496094,395.072509765625,0.3762736916542053,Tree
