,xmin,ymin,xmax,ymax,score,label
0,122.96966552734375,335.1634216308594,190.82394409179688,393.77276611328125,0.6864861249923706,Tree
1,2.416372537612915,0.4090481400489807,88.83661651611328,88.74358367919922,0.50114905834198,Tree
2,0.2810173034667969,182.2356719970703,39.73846435546875,230.20236206054688,0.36269670724868774,Tree
3,342.3966979980469,170.17152404785156,400.0,251.48873901367188,0.3355564475059509,Tree
4,345.8160705566406,113.17032623291016,398.38055419921875,171.93795776367188,0.3329026401042938,Tree
5,25.286357879638672,372.3870849609375,74.64562225341797,400.0,0.2304796576499939,Tree
