,xmin,ymin,xmax,ymax,score,label
0,298.4125671386719,124.20051574707031,355.5036926269531,183.60189819335938,0.665787935256958,Tree
1,152.31405639648438,176.55999755859375,246.9619903564453,259.10107421875,0.5365279912948608,Tree
2,133.7301025390625,190.00096130371094,148.01681518554688,205.4530029296875,0.2084578275680542,Tree
