,xmin,ymin,xmax,ymax,score,label
0,128.03794860839844,130.26568603515625,174.20797729492188,180.1276092529297,0.652455747127533,Tree
1,188.4628448486328,366.3758850097656,241.497314453125,399.8563232421875,0.5004546642303467,Tree
2,288.0257263183594,44.245819091796875,322.4479064941406,81.77171325683594,0.4570194482803345,Tree
3,98.0763168334961,166.95486450195312,131.80287170410156,199.45706176757812,0.4283928871154785,Tree
4,303.74871826171875,369.2353210449219,357.67059326171875,399.912109375,0.4022325277328491,Tree
5,375.27471923828125,63.57720184326172,400.0,120.13187408447266,0.3940061628818512,Tree
6,47.67488479614258,198.19374084472656,138.1899871826172,297.7304382324219,0.2900771498680115,Tree
