,xmin,ymin,xmax,ymax,score,label
0,318.8141784667969,190.38134765625,399.00665283203125,282.0499267578125,0.6258958578109741,Tree
1,0.25710439682006836,96.82925415039062,105.50209045410156,214.0802764892578,0.5992213487625122,Tree
2,112.90650939941406,155.1346435546875,208.62303161621094,261.6557922363281,0.4608718752861023,Tree
3,163.75567626953125,91.3167724609375,240.77569580078125,166.45407104492188,0.4011646509170532,Tree
4,133.67135620117188,62.970176696777344,182.45289611816406,123.07440185546875,0.3375982344150543,Tree
5,284.1995849609375,320.06256103515625,378.364501953125,397.2628173828125,0.2695889472961426,Tree
6,372.22442626953125,260.6534729003906,399.6360778808594,306.1891174316406,0.22589930891990662,Tree
