,xmin,ymin,xmax,ymax,score,label
0,3.9111156463623047,134.13140869140625,110.19660186767578,242.03012084960938,0.6881484985351562,Tree
1,75.33695220947266,84.06172943115234,122.1361083984375,132.92764282226562,0.5867018699645996,Tree
2,263.85882568359375,248.4490203857422,388.6808166503906,367.3084411621094,0.5642538070678711,Tree
