,xmin,ymin,xmax,ymax,score,label
0,16.769956588745117,179.9264373779297,63.47032928466797,227.9129638671875,0.7850253582000732,Tree
1,117.81400299072266,186.4623565673828,169.34458923339844,244.6739959716797,0.7834517955780029,Tree
2,204.30540466308594,353.7004699707031,252.74061584472656,399.51239013671875,0.7002570629119873,Tree
3,10.433242797851562,61.75001525878906,66.1070327758789,120.03981018066406,0.661399781703949,Tree
4,382.0521545410156,75.32970428466797,398.943603515625,93.42028045654297,0.21545758843421936,Tree
