,xmin,ymin,xmax,ymax,score,label
0,186.21969604492188,0.0,299.24774169921875,74.3843765258789,0.5370146036148071,Tree
1,0.0,14.841334342956543,62.864009857177734,115.5387191772461,0.46689948439598083,Tree
2,40.001251220703125,325.1722106933594,105.50464630126953,397.9398193359375,0.4126676917076111,Tree
3,220.10546875,353.402099609375,268.0353088378906,397.5635070800781,0.3408135771751404,Tree
4,0.0,327.4778747558594,27.895320892333984,372.2451477050781,0.34019893407821655,Tree
5,40.728355407714844,309.44287109375,67.69349670410156,341.6252136230469,0.23648348450660706,Tree
