,xmin,ymin,xmax,ymax,score,label
0,111.3189697265625,271.02056884765625,220.01499938964844,381.25634765625,0.7642835378646851,Tree
1,0.0,140.86419677734375,31.432769775390625,188.06541442871094,0.2593795657157898,Tree
