,xmin,ymin,xmax,ymax,score,label
0,53.15028381347656,187.17686462402344,107.45530700683594,236.4392547607422,0.45922356843948364,Tree
