,xmin,ymin,xmax,ymax,score,label
0,81.07209014892578,166.8814697265625,169.6959991455078,253.1107635498047,0.7495774030685425,Tree
