,xmin,ymin,xmax,ymax,score,label
0,148.07916259765625,65.37734985351562,211.90643310546875,126.1915283203125,0.6717208623886108,Tree
1,267.7083740234375,159.7082977294922,344.28802490234375,230.8671417236328,0.6140261292457581,Tree
2,223.80694580078125,54.07999801635742,255.1468963623047,86.57066345214844,0.4524458050727844,Tree
3,313.9032287597656,2.516070604324341,383.78179931640625,96.1535415649414,0.33867475390434265,Tree
4,362.498779296875,215.70364379882812,400.0,303.45574951171875,0.2988553047180176,Tree
