,xmin,ymin,xmax,ymax,score,label
0,295.3406066894531,69.67880249023438,399.56451416015625,192.95101928710938,0.7062537670135498,Tree
1,216.58016967773438,24.31988525390625,258.457763671875,65.1269302368164,0.5890971422195435,Tree
2,190.04147338867188,249.3531036376953,246.80995178222656,303.1759338378906,0.5499331951141357,Tree
3,76.09349060058594,70.08027648925781,130.6624298095703,130.98739624023438,0.5043555498123169,Tree
4,306.7787780761719,370.806396484375,341.9479675292969,399.4703674316406,0.3675779700279236,Tree
5,135.6051483154297,181.33316040039062,175.74383544921875,219.89474487304688,0.2716834545135498,Tree
