,xmin,ymin,xmax,ymax,score,label
0,21.88473892211914,217.56826782226562,124.58673858642578,314.0432434082031,0.6583261489868164,Tree
1,147.5264892578125,339.71771240234375,237.0046844482422,399.6370849609375,0.5680907964706421,Tree
2,0.0,79.23274230957031,103.45097351074219,190.51718139648438,0.5430485606193542,Tree
3,242.29750061035156,363.21514892578125,301.11505126953125,399.3780212402344,0.3446463942527771,Tree
