,xmin,ymin,xmax,ymax,score,label
0,164.363037109375,37.8367805480957,220.80296325683594,94.6275405883789,0.5585997700691223,Tree
1,1.5640184879302979,154.49160766601562,81.2573471069336,238.61265563964844,0.4150938093662262,Tree
2,119.12240600585938,349.0892028808594,147.68984985351562,380.48944091796875,0.3221955895423889,Tree
3,47.22612762451172,101.71796417236328,96.2750244140625,154.10475158691406,0.2596127390861511,Tree
4,314.7789001464844,16.913848876953125,397.8138427734375,104.48395538330078,0.25278159976005554,Tree
5,34.48476791381836,0.0,87.9090576171875,24.578201293945312,0.23371845483779907,Tree
6,219.55682373046875,0.0,267.92041015625,23.756587982177734,0.2149503529071808,Tree
