,xmin,ymin,xmax,ymax,score,label
0,148.1231689453125,262.3060607910156,230.63499450683594,343.7302551269531,0.8207092881202698,Tree
1,276.1160583496094,34.409847259521484,386.98931884765625,151.09231567382812,0.7978537678718567,Tree
2,120.26336669921875,79.84785461425781,229.37571716308594,182.33102416992188,0.5674405097961426,Tree
3,237.93234252929688,192.53762817382812,288.8765869140625,252.34942626953125,0.536068856716156,Tree
4,0.4985818862915039,61.56528091430664,64.56327819824219,157.4440460205078,0.5113009214401245,Tree
5,352.6230773925781,364.8346252441406,398.44830322265625,400.0,0.40115630626678467,Tree
6,50.28245162963867,347.7330627441406,77.51268005371094,374.98577880859375,0.3992404639720917,Tree
7,0.3757777214050293,139.37965393066406,41.136070251464844,200.4791259765625,0.23578718304634094,Tree
8,163.5175018310547,159.5023956298828,217.74998474121094,210.85684204101562,0.21955585479736328,Tree
