,xmin,ymin,xmax,ymax,score,label
0,311.4965515136719,243.25579833984375,396.5767822265625,340.2720031738281,0.7998017072677612,Tree
1,0.0,212.99017333984375,40.16543197631836,261.6034851074219,0.490449994802475,Tree
2,79.69346618652344,208.21600341796875,109.79893493652344,240.02645874023438,0.47327932715415955,Tree
3,361.9108581542969,27.24974822998047,400.0,87.42520904541016,0.3916282653808594,Tree
4,324.1775817871094,32.76795959472656,355.65020751953125,62.629661560058594,0.3709474802017212,Tree
