,xmin,ymin,xmax,ymax,score,label
0,222.2873077392578,0.41998958587646484,270.2295837402344,42.12139129638672,0.5502576231956482,Tree
1,7.797416687011719,115.6451644897461,27.30565071105957,135.21287536621094,0.33251893520355225,Tree
2,0.0,0.0,18.56500244140625,21.238779067993164,0.23289501667022705,Tree
