,xmin,ymin,xmax,ymax,score,label
0,138.1990203857422,120.8863296508789,176.322021484375,160.27044677734375,0.3071509301662445,Tree
1,310.7677307128906,115.0069808959961,328.1451416015625,132.4913787841797,0.3067331314086914,Tree
2,211.21180725097656,107.36282348632812,225.31149291992188,122.19041442871094,0.253180593252182,Tree
3,143.2252655029297,386.5884094238281,163.70069885253906,400.0,0.22221747040748596,Tree
4,258.71588134765625,309.2381896972656,272.83734130859375,325.3056335449219,0.20041131973266602,Tree
