,xmin,ymin,xmax,ymax,score,label
0,12.367911338806152,279.2861328125,90.71439361572266,362.37725830078125,0.30635467171669006,Tree
