,xmin,ymin,xmax,ymax,score,label
0,6.108421802520752,0.0,100.746337890625,60.09129333496094,0.22578543424606323,Tree
