,xmin,ymin,xmax,ymax,score,label
0,199.38772583007812,238.2821044921875,288.01220703125,333.695556640625,0.3651409447193146,Tree
1,359.6929016113281,186.46510314941406,374.525146484375,202.74160766601562,0.27953675389289856,Tree
2,94.58560180664062,135.0766143798828,160.9493865966797,200.98374938964844,0.26494187116622925,Tree
3,0.007581926882266998,0.0,23.879716873168945,20.314603805541992,0.24641254544258118,Tree
4,385.681884765625,185.0875701904297,399.9464111328125,204.1546630859375,0.23525193333625793,Tree
5,0.0,15.652990341186523,25.10390281677246,57.35958480834961,0.21437954902648926,Tree
6,356.3211364746094,327.4065856933594,400.0,392.7105712890625,0.21179655194282532,Tree
7,140.81105041503906,276.02191162109375,157.3458709716797,293.05548095703125,0.2095692753791809,Tree
8,52.97050476074219,1.4554866552352905,108.54049682617188,50.438602447509766,0.2074773609638214,Tree
