,xmin,ymin,xmax,ymax,score,label
0,148.594482421875,17.526758193969727,256.9991760253906,139.6103973388672,0.3702014088630676,Tree
1,14.245254516601562,0.8029763698577881,125.22364044189453,78.62234497070312,0.31772685050964355,Tree
2,138.20489501953125,239.03390502929688,226.54840087890625,318.4289855957031,0.28796684741973877,Tree
3,241.62046813964844,0.0,286.9002380371094,26.214540481567383,0.27393513917922974,Tree
4,105.74472045898438,305.8097229003906,197.59730529785156,395.53814697265625,0.26572293043136597,Tree
5,374.3896179199219,4.072177886962891,400.0,47.37997817993164,0.2500498294830322,Tree
6,0.07870960235595703,105.64646911621094,53.86198806762695,162.90972900390625,0.24649709463119507,Tree
7,0.0,357.85345458984375,39.83302688598633,399.1968078613281,0.2382577359676361,Tree
8,286.0142822265625,0.17392206192016602,342.37054443359375,30.506349563598633,0.2157786786556244,Tree
