,xmin,ymin,xmax,ymax,score,label
0,282.55462646484375,135.8367462158203,298.8465576171875,152.6110382080078,0.30393415689468384,Tree
1,64.6323013305664,387.2754821777344,82.568359375,400.0,0.2578761577606201,Tree
2,217.65768432617188,0.011340230703353882,241.70596313476562,13.93419075012207,0.2447783648967743,Tree
3,378.5616149902344,379.7171936035156,399.9270324707031,399.9044189453125,0.24015218019485474,Tree
4,275.6538391113281,339.2611083984375,327.3932800292969,388.2270812988281,0.2391771376132965,Tree
5,366.8369140625,0.0,400.0,20.046592712402344,0.2389519214630127,Tree
6,251.77154541015625,0.12404066324234009,273.0666809082031,20.378009796142578,0.2080564796924591,Tree
7,0.003359079360961914,2.488340377807617,27.472043991088867,38.76472091674805,0.20620372891426086,Tree
