,xmin,ymin,xmax,ymax,score,label
0,0.0,224.60206604003906,75.01679229736328,311.90264892578125,0.3049342632293701,Tree
1,0.0,5.182987213134766,55.61281204223633,78.58563995361328,0.27287912368774414,Tree
2,0.0,308.9530334472656,78.25721740722656,396.2463684082031,0.25442081689834595,Tree
3,151.28370666503906,0.0,245.45252990722656,77.47728729248047,0.2504250705242157,Tree
4,4.247239589691162,83.83976745605469,70.91416931152344,151.60435485839844,0.21517136693000793,Tree
