,xmin,ymin,xmax,ymax,score,label
0,10.723807334899902,232.15753173828125,71.5274429321289,298.2217712402344,0.20077091455459595,Tree
