,xmin,ymin,xmax,ymax,score,label
0,286.7754821777344,44.46000671386719,325.16107177734375,88.54387664794922,0.5601343512535095,Tree
1,62.16188049316406,184.80172729492188,129.79522705078125,245.36520385742188,0.5344324111938477,Tree
2,79.03903198242188,143.4268798828125,132.3911590576172,192.07908630371094,0.4720810651779175,Tree
3,268.3089904785156,5.349084854125977,299.2759094238281,37.1541748046875,0.3451611399650574,Tree
4,247.74453735351562,44.347991943359375,276.81005859375,76.9150161743164,0.3339121639728546,Tree
5,341.8991394042969,210.58746337890625,370.1537170410156,240.2889862060547,0.2850455641746521,Tree
6,156.89154052734375,143.18226623535156,203.65248107910156,192.16542053222656,0.25194251537323,Tree
7,314.8131408691406,5.023984909057617,376.2586669921875,66.80424499511719,0.2036588191986084,Tree
