,xmin,ymin,xmax,ymax,score,label
0,7.917152404785156,48.77607727050781,83.82625579833984,134.22543334960938,0.5901392698287964,Tree
1,360.7787170410156,329.822265625,394.3026428222656,363.5513610839844,0.5294337272644043,Tree
2,260.9101257324219,122.52632904052734,296.0243835449219,156.43612670898438,0.3869369626045227,Tree
3,0.08955234289169312,183.61581420898438,27.475048065185547,222.43214416503906,0.30501043796539307,Tree
