,xmin,ymin,xmax,ymax,score,label
0,154.05630493164062,0.0,205.18426513671875,25.73414421081543,0.21892207860946655,Tree
