,xmin,ymin,xmax,ymax,score,label
0,156.01129150390625,46.54459762573242,238.3198699951172,131.8006591796875,0.7984939813613892,Tree
1,307.97369384765625,292.11688232421875,397.0428466796875,392.18341064453125,0.6987742781639099,Tree
2,358.19976806640625,126.12415313720703,400.0,178.0596160888672,0.5918022394180298,Tree
3,320.3116760253906,39.9978141784668,369.8037414550781,85.5645523071289,0.545730710029602,Tree
4,1.3921400308609009,22.815322875976562,19.80978775024414,43.18995666503906,0.38686850666999817,Tree
5,0.0,0.3278263807296753,30.0865421295166,14.591687202453613,0.3713844120502472,Tree
6,344.99163818359375,0.8180299997329712,399.99517822265625,58.97462463378906,0.2784772515296936,Tree
7,293.1642761230469,0.15537142753601074,351.2274475097656,36.453819274902344,0.23098725080490112,Tree
