,xmin,ymin,xmax,ymax,score,label
0,43.80665969848633,79.46930694580078,111.22870635986328,146.9438934326172,0.6069656014442444,Tree
1,43.84968185424805,7.841639041900635,107.88829803466797,70.83206939697266,0.4990668296813965,Tree
2,245.5521697998047,72.76592254638672,273.8757019042969,100.76148223876953,0.49222174286842346,Tree
3,0.7077841758728027,0.0,37.66924285888672,26.690317153930664,0.2845613658428192,Tree
4,42.37382507324219,82.19496154785156,63.908790588378906,104.29263305664062,0.22390547394752502,Tree
5,162.0195770263672,0.0,193.33311462402344,13.212340354919434,0.20415833592414856,Tree
