,xmin,ymin,xmax,ymax,score,label
0,279.6483154296875,128.28707885742188,335.19024658203125,181.2357940673828,0.750035285949707,Tree
1,118.67989349365234,244.91114807128906,157.66831970214844,286.6801452636719,0.6919464468955994,Tree
2,280.6658020019531,183.51446533203125,328.3108215332031,226.4967498779297,0.6792497634887695,Tree
3,256.95599365234375,233.33811950683594,307.7941589355469,288.42138671875,0.6499054431915283,Tree
4,339.4655456542969,154.57505798339844,399.5514221191406,237.04452514648438,0.5526032447814941,Tree
5,365.2571716308594,1.5952188968658447,397.7476501464844,34.02910614013672,0.230618417263031,Tree
6,346.0658264160156,138.187255859375,378.5151062011719,168.76307678222656,0.21285784244537354,Tree
