,xmin,ymin,xmax,ymax,score,label
0,129.0527801513672,129.73741149902344,199.75538635253906,204.84481811523438,0.7719967365264893,Tree
1,358.5782165527344,333.0296325683594,384.91839599609375,359.35491943359375,0.6324132680892944,Tree
2,367.19146728515625,366.4585266113281,399.0599365234375,398.946044921875,0.6146448850631714,Tree
3,152.52621459960938,2.7802162170410156,172.5684356689453,22.211891174316406,0.4729748070240021,Tree
4,24.622913360595703,0.0,59.16357421875,23.015396118164062,0.44839170575141907,Tree
5,347.9374694824219,263.80523681640625,374.72015380859375,293.95806884765625,0.3961896598339081,Tree
6,74.6766357421875,66.8062515258789,90.61273193359375,83.48384857177734,0.3304954767227173,Tree
