,xmin,ymin,xmax,ymax,score,label
0,0.0,0.20412319898605347,40.62590026855469,38.17330551147461,0.31415820121765137,Tree
