,xmin,ymin,xmax,ymax,score,label
0,159.4513702392578,53.888694763183594,185.7413330078125,81.4050521850586,0.42160752415657043,Tree
1,379.4564514160156,0.0,400.0,22.155908584594727,0.2142517864704132,Tree
2,159.24073791503906,155.49620056152344,183.48883056640625,181.9134063720703,0.21124902367591858,Tree
3,153.3595428466797,0.12822872400283813,188.98757934570312,17.89936065673828,0.20649424195289612,Tree
