,xmin,ymin,xmax,ymax,score,label
0,243.7711944580078,143.82012939453125,338.1593933105469,238.23451232910156,0.5865383148193359,Tree
1,29.919498443603516,86.4269790649414,70.6520767211914,133.51339721679688,0.47737476229667664,Tree
2,153.44212341308594,0.0,241.4667510986328,77.82743835449219,0.44268107414245605,Tree
3,0.0,119.11956024169922,41.03633499145508,176.2726593017578,0.42545509338378906,Tree
4,45.94579315185547,141.20391845703125,80.60955047607422,177.95144653320312,0.2820626497268677,Tree
5,0.0,0.6130926012992859,38.22020721435547,40.61080551147461,0.28118205070495605,Tree
6,0.3807407319545746,78.18988037109375,24.365087509155273,119.68931579589844,0.23087778687477112,Tree
