,xmin,ymin,xmax,ymax,score,label
0,328.3321838378906,0.0,378.8555603027344,30.631561279296875,0.4624161720275879,Tree
1,0.0,238.47103881835938,106.53245544433594,372.76629638671875,0.3275291323661804,Tree
2,151.6994171142578,252.31539916992188,182.885986328125,283.0356750488281,0.2514452338218689,Tree
3,379.72607421875,0.0,399.7562255859375,38.15501022338867,0.23467537760734558,Tree
