,xmin,ymin,xmax,ymax,score,label
0,0.031181037425994873,0.0,19.453033447265625,32.72896194458008,0.21949824690818787,Tree
