,xmin,ymin,xmax,ymax,score,label
0,103.12515258789062,203.09739685058594,137.6658172607422,242.50047302246094,0.5693126916885376,Tree
1,35.03281784057617,362.9915771484375,76.42265319824219,400.0,0.39277881383895874,Tree
2,121.41726684570312,93.4934310913086,163.92347717285156,134.15719604492188,0.3118455410003662,Tree
