,xmin,ymin,xmax,ymax,score,label
0,133.49856567382812,224.3824005126953,211.68734741210938,309.95062255859375,0.37041720747947693,Tree
1,336.427490234375,143.49456787109375,398.5177001953125,220.31451416015625,0.257047176361084,Tree
