,xmin,ymin,xmax,ymax,score,label
0,207.0320587158203,141.47181701660156,242.58201599121094,171.03533935546875,0.6049684882164001,Tree
1,167.3388671875,332.08587646484375,212.17286682128906,378.2848815917969,0.5165067315101624,Tree
2,74.79241943359375,331.553466796875,137.32794189453125,396.16021728515625,0.4852035343647003,Tree
3,319.94683837890625,207.47390747070312,369.45867919921875,246.6126708984375,0.47331666946411133,Tree
4,0.0,161.4296875,66.46111297607422,244.55113220214844,0.4557762145996094,Tree
5,327.9920959472656,50.04079055786133,399.3057861328125,133.01602172851562,0.3636067509651184,Tree
6,242.96575927734375,0.0,286.39996337890625,29.376455307006836,0.25547730922698975,Tree
7,344.4030456542969,0.0,399.58184814453125,50.338958740234375,0.20471036434173584,Tree
