,xmin,ymin,xmax,ymax,score,label
0,249.4482421875,328.4672546386719,293.4992370605469,372.17645263671875,0.6157845258712769,Tree
1,56.987098693847656,75.51854705810547,144.02377319335938,171.87957763671875,0.5886877775192261,Tree
2,0.0,309.78656005859375,28.065765380859375,348.21795654296875,0.3263251781463623,Tree
3,375.764892578125,342.7747497558594,399.81805419921875,385.18426513671875,0.29045629501342773,Tree
