,xmin,ymin,xmax,ymax,score,label
0,156.9654998779297,0.0,250.10635375976562,63.34754180908203,0.5892899036407471,Tree
1,252.41165161132812,83.46701049804688,303.3926696777344,130.11985778808594,0.563084602355957,Tree
2,221.99977111816406,124.84635925292969,281.6855163574219,177.65591430664062,0.4526788890361786,Tree
3,336.9194030761719,0.0,398.1863708496094,40.83201217651367,0.3746422231197357,Tree
4,264.4081115722656,238.22833251953125,361.2312316894531,325.9171447753906,0.3421763479709625,Tree
5,302.65667724609375,168.73513793945312,349.506103515625,216.55332946777344,0.3024348020553589,Tree
6,0.006839752197265625,108.97189331054688,14.776081085205078,140.16165161132812,0.27896469831466675,Tree
7,386.62933349609375,355.5833740234375,400.0,391.4552917480469,0.21460729837417603,Tree
8,280.372314453125,177.8538360595703,310.78924560546875,215.47987365722656,0.21286508440971375,Tree
