,xmin,ymin,xmax,ymax,score,label
0,143.64639282226562,0.849787712097168,192.87451171875,37.94843292236328,0.27155953645706177,Tree
1,60.527225494384766,0.0,97.49861907958984,18.474931716918945,0.23407253623008728,Tree
2,77.73310089111328,255.1105194091797,99.59146881103516,277.749267578125,0.21554794907569885,Tree
