,xmin,ymin,xmax,ymax,score,label
0,161.94410705566406,106.41104888916016,199.78732299804688,152.7259979248047,0.49514737725257874,Tree
1,46.031578063964844,214.13003540039062,106.18970489501953,284.7253112792969,0.4108085632324219,Tree
2,375.24566650390625,13.006176948547363,399.83160400390625,50.96456527709961,0.25182265043258667,Tree
3,70.8290786743164,0.0,151.31680297851562,54.998756408691406,0.2013516128063202,Tree
