,xmin,ymin,xmax,ymax,score,label
0,316.49176025390625,0.0,394.0498046875,54.87263870239258,0.5336179733276367,Tree
1,1.1594529151916504,332.40655517578125,65.55219268798828,395.76739501953125,0.45369675755500793,Tree
2,101.07864379882812,295.38031005859375,139.38514709472656,333.7008361816406,0.4221437871456146,Tree
3,64.8218994140625,231.47474670410156,105.31575775146484,273.64410400390625,0.3929494023323059,Tree
4,105.53656005859375,109.08666229248047,170.7719268798828,175.8482666015625,0.3641946017742157,Tree
5,376.1531066894531,134.4292449951172,400.0,178.18589782714844,0.3629748225212097,Tree
6,0.49791502952575684,250.0381317138672,42.44209289550781,298.5563049316406,0.20542746782302856,Tree
