,xmin,ymin,xmax,ymax,score,label
0,312.9073181152344,293.3920593261719,379.1312255859375,355.3478088378906,0.8410746455192566,Tree
1,317.08294677734375,159.19769287109375,359.3851013183594,204.24078369140625,0.35863643884658813,Tree
