,xmin,ymin,xmax,ymax,score,label
0,81.77574157714844,362.45709228515625,97.93831634521484,380.1993713378906,0.49648600816726685,Tree
1,316.42474365234375,376.1796875,336.097412109375,396.2228088378906,0.40756940841674805,Tree
2,143.9608154296875,172.12374877929688,163.43499755859375,192.12850952148438,0.3933776319026947,Tree
3,148.27447509765625,282.0094299316406,162.09490966796875,296.8131408691406,0.3213682174682617,Tree
4,265.9808654785156,283.34210205078125,288.47161865234375,304.5719299316406,0.23268553614616394,Tree
5,353.9606628417969,270.1130065917969,376.23468017578125,291.4097900390625,0.23077380657196045,Tree
6,312.6372985839844,102.66510009765625,325.78094482421875,117.46859741210938,0.22317686676979065,Tree
7,219.7800750732422,238.3781280517578,234.62013244628906,254.75997924804688,0.20762020349502563,Tree
