,xmin,ymin,xmax,ymax,score,label
0,192.36598205566406,170.38002014160156,216.79383850097656,196.81700134277344,0.47520169615745544,Tree
1,237.91204833984375,151.40481567382812,259.4046630859375,174.430908203125,0.43978601694107056,Tree
2,84.17403411865234,230.19952392578125,101.75057220458984,248.819580078125,0.38676583766937256,Tree
3,78.49710845947266,152.70330810546875,92.43434143066406,167.91241455078125,0.3342560827732086,Tree
4,316.89398193359375,109.61650848388672,367.8387145996094,163.77955627441406,0.3137311339378357,Tree
5,299.63177490234375,69.8134994506836,332.0256042480469,103.07229614257812,0.3071359395980835,Tree
6,335.5030212402344,75.63196563720703,364.57562255859375,107.56321716308594,0.2811822295188904,Tree
7,274.8313903808594,98.6888198852539,315.104736328125,135.71861267089844,0.24517127871513367,Tree
8,61.13212585449219,16.303564071655273,105.73954010009766,69.29335021972656,0.2436896562576294,Tree
