,xmin,ymin,xmax,ymax,score,label
0,21.277650833129883,176.02191162109375,132.99374389648438,287.1626892089844,0.3554312586784363,Tree
1,243.70533752441406,199.6591796875,264.3785400390625,219.07093811035156,0.3117947280406952,Tree
2,320.8039245605469,260.1949462890625,336.5587158203125,276.79730224609375,0.31095144152641296,Tree
3,284.51605224609375,150.80445861816406,330.9950256347656,195.01016235351562,0.28668347001075745,Tree
4,208.00274658203125,211.71298217773438,253.71627807617188,259.4159240722656,0.22053861618041992,Tree
