,xmin,ymin,xmax,ymax,score,label
0,194.52508544921875,328.2727355957031,211.5474853515625,345.9488525390625,0.4932172894477844,Tree
1,275.7158203125,307.1288757324219,294.82757568359375,326.6580505371094,0.3781500458717346,Tree
2,172.42237854003906,337.0421142578125,189.6146697998047,353.9146728515625,0.36822253465652466,Tree
3,173.1951904296875,314.4099426269531,189.16400146484375,330.81500244140625,0.20243197679519653,Tree
