,xmin,ymin,xmax,ymax,score,label
0,176.76956176757812,39.05127716064453,199.0499725341797,62.28609085083008,0.3416638970375061,Tree
1,0.2153623104095459,241.08006286621094,99.27965545654297,369.5480041503906,0.27983543276786804,Tree
