,xmin,ymin,xmax,ymax,score,label
0,247.42303466796875,321.9878234863281,292.89312744140625,367.36761474609375,0.44133979082107544,Tree
1,235.9342041015625,9.59930419921875,261.6139221191406,35.962249755859375,0.30055326223373413,Tree
2,377.8321228027344,298.3174743652344,399.7488708496094,326.8005065917969,0.27743273973464966,Tree
3,377.97174072265625,217.5642547607422,393.1306457519531,233.75509643554688,0.2578608989715576,Tree
4,231.38385009765625,47.17641830444336,292.6935119628906,97.3409652709961,0.24400007724761963,Tree
5,210.9254608154297,316.159423828125,244.8171844482422,349.5890197753906,0.20179444551467896,Tree
6,259.4956970214844,16.814546585083008,292.7965087890625,48.72181701660156,0.2012467384338379,Tree
