,xmin,ymin,xmax,ymax,score,label
0,122.23297882080078,0.4204965829849243,195.72991943359375,50.48616027832031,0.41782256960868835,Tree
1,0.15434512495994568,2.661111831665039,77.53533935546875,88.65423583984375,0.37224066257476807,Tree
2,71.30931091308594,0.0,132.24395751953125,47.23127746582031,0.3038163185119629,Tree
3,0.3141223192214966,139.91847229003906,25.735973358154297,165.46998596191406,0.2571398615837097,Tree
4,0.042777955532073975,103.45379638671875,27.10942840576172,140.24351501464844,0.24111419916152954,Tree
