,xmin,ymin,xmax,ymax,score,label
0,0.0,0.0,89.2783203125,87.59178924560547,0.3097335398197174,Tree
1,0.0,73.25365447998047,105.80718994140625,210.94447326660156,0.2914530038833618,Tree
2,202.1404571533203,0.0,344.8518371582031,102.00177001953125,0.270973801612854,Tree
3,151.08474731445312,80.80280303955078,267.04742431640625,194.5662078857422,0.24344605207443237,Tree
