,xmin,ymin,xmax,ymax,score,label
0,317.36572265625,3.7944374084472656,369.3385314941406,57.55089569091797,0.48984596133232117,Tree
1,0.0,0.0,71.30182647705078,43.50161361694336,0.4417380392551422,Tree
2,319.90960693359375,339.9765625,372.7685546875,395.3885498046875,0.2975163459777832,Tree
3,273.6588134765625,255.41688537597656,365.712890625,346.16705322265625,0.26985403895378113,Tree
4,280.2955017089844,372.08697509765625,322.3570556640625,399.81549072265625,0.2345004677772522,Tree
5,376.6294860839844,13.365324974060059,400.0,57.402957916259766,0.22441908717155457,Tree
6,210.35198974609375,0.0,262.07403564453125,25.324569702148438,0.20190733671188354,Tree
