,xmin,ymin,xmax,ymax,score,label
0,51.98542785644531,0.0,121.6520767211914,39.16645812988281,0.41654840111732483,Tree
1,0.0,0.0,43.292510986328125,30.299072265625,0.27838417887687683,Tree
