,xmin,ymin,xmax,ymax,score,label
0,333.4786376953125,374.5826721191406,373.89306640625,400.0,0.46901923418045044,Tree
1,311.23883056640625,0.0,350.5772399902344,28.330957412719727,0.3131127953529358,Tree
2,366.47637939453125,319.2851257324219,399.82318115234375,380.9718017578125,0.2745903730392456,Tree
3,373.30743408203125,88.10889434814453,399.966552734375,122.71023559570312,0.26092439889907837,Tree
4,364.4722900390625,0.0,400.0,20.761234283447266,0.2528243660926819,Tree
5,382.4983825683594,44.03544998168945,399.6976013183594,82.00179290771484,0.25204357504844666,Tree
6,254.99229431152344,0.008681058883666992,299.1469421386719,28.127761840820312,0.21182918548583984,Tree
7,374.4488525390625,188.80752563476562,400.0,237.89544677734375,0.2068449854850769,Tree
