,xmin,ymin,xmax,ymax,score,label
0,89.27877044677734,134.57994079589844,155.43470764160156,206.17730712890625,0.20646890997886658,Tree
