,xmin,ymin,xmax,ymax,score,label
0,0.12750576436519623,289.17950439453125,11.845874786376953,313.2234191894531,0.22880911827087402,Tree
