,xmin,ymin,xmax,ymax,score,label
0,351.91986083984375,0.0,399.285400390625,38.958499908447266,0.21773502230644226,Tree
