,xmin,ymin,xmax,ymax,score,label
0,343.5140380859375,344.24822998046875,385.9135437011719,384.68951416015625,0.40388160943984985,Tree
