,xmin,ymin,xmax,ymax,score,label
0,282.8338928222656,372.52020263671875,322.48443603515625,400.0,0.4432557225227356,Tree
1,288.0173645019531,16.118881225585938,322.29443359375,50.91617965698242,0.36915016174316406,Tree
2,241.959228515625,7.644097805023193,280.1578063964844,44.592105865478516,0.26069313287734985,Tree
3,320.9287109375,0.28382986783981323,400.0,79.11351013183594,0.25438469648361206,Tree
4,214.93423461914062,343.8136901855469,246.23390197753906,377.779052734375,0.253531813621521,Tree
5,353.6125793457031,96.57168579101562,399.9754333496094,160.10498046875,0.25243502855300903,Tree
6,213.39212036132812,271.062744140625,335.33612060546875,385.1443786621094,0.22438591718673706,Tree
7,273.7125549316406,0.0,311.1045227050781,16.67247772216797,0.2182512879371643,Tree
