,xmin,ymin,xmax,ymax,score,label
0,53.84638214111328,0.0,96.06866455078125,20.132051467895508,0.42981263995170593,Tree
