,xmin,ymin,xmax,ymax,score,label
0,181.09080505371094,347.7635192871094,226.9104766845703,396.2230224609375,0.201680988073349,Tree
