,xmin,ymin,xmax,ymax,score,label
0,9.007326126098633,0.0,137.17465209960938,102.85191345214844,0.4980562925338745,Tree
1,0.0,357.0509338378906,41.21379852294922,399.6157531738281,0.333046555519104,Tree
2,0.15856719017028809,284.87530517578125,40.97941589355469,351.3619384765625,0.27282774448394775,Tree
3,0.12339305877685547,232.2481689453125,57.476417541503906,289.6321716308594,0.2535504102706909,Tree
4,300.8252258300781,352.7768859863281,325.37945556640625,378.197509765625,0.2353714108467102,Tree
5,56.47856521606445,94.22716522216797,103.23018646240234,140.2913360595703,0.22630473971366882,Tree
6,44.51818084716797,342.4002990722656,125.54026794433594,399.8220520019531,0.2097070813179016,Tree
