,xmin,ymin,xmax,ymax,score,label
0,137.72320556640625,232.9844207763672,159.5624237060547,257.4049072265625,0.22332417964935303,Tree
1,143.52474975585938,184.90159606933594,173.4663848876953,218.61703491210938,0.21278589963912964,Tree
