,xmin,ymin,xmax,ymax,score,label
0,62.448081970214844,296.66473388671875,125.57655334472656,353.4836730957031,0.3322216272354126,Tree
1,0.0,344.4617614746094,54.52783966064453,399.1548767089844,0.2764456868171692,Tree
2,65.50076293945312,349.4922790527344,135.57681274414062,399.4889831542969,0.2679559886455536,Tree
3,0.0,292.2742919921875,29.332490921020508,342.6835021972656,0.2664387822151184,Tree
4,3.366675615310669,261.8406982421875,25.928510665893555,286.3053283691406,0.2283930778503418,Tree
