,xmin,ymin,xmax,ymax,score,label
0,375.75836181640625,363.35870361328125,400.0,398.63970947265625,0.2369866967201233,Tree
