,xmin,ymin,xmax,ymax,score,label
0,283.9721984863281,0.2996270954608917,328.39825439453125,22.702573776245117,0.21895062923431396,Tree
