,xmin,ymin,xmax,ymax,score,label
0,387.2275085449219,120.46580505371094,400.0,144.8892822265625,0.26897871494293213,Tree
