,xmin,ymin,xmax,ymax,score,label
0,332.8280029296875,366.0839538574219,357.1978759765625,391.82550048828125,0.31525272130966187,Tree
