,xmin,ymin,xmax,ymax,score,label
0,95.5252685546875,233.77879333496094,120.28158569335938,264.5920715332031,0.26350313425064087,Tree
