,xmin,ymin,xmax,ymax,score,label
0,115.8890609741211,0.0,147.08807373046875,18.225217819213867,0.3708232045173645,Tree
1,0.0788341760635376,72.85914611816406,40.31706619262695,134.25392150878906,0.235385000705719,Tree
2,46.97329330444336,51.662593841552734,84.22607421875,92.40476989746094,0.2056346833705902,Tree
