,xmin,ymin,xmax,ymax,score,label
0,277.9808044433594,57.52423095703125,310.880126953125,91.4563217163086,0.31565481424331665,Tree
1,312.64385986328125,135.61965942382812,333.2743225097656,156.56394958496094,0.30379241704940796,Tree
2,317.497802734375,65.83428955078125,342.1263122558594,88.99317169189453,0.26686832308769226,Tree
3,111.39261627197266,63.69803237915039,132.7389373779297,83.68073272705078,0.25740158557891846,Tree
4,164.43702697753906,108.46760559082031,193.9620819091797,129.82887268066406,0.23301160335540771,Tree
5,103.639404296875,90.09718322753906,134.4609375,121.11286163330078,0.22817733883857727,Tree
