,xmin,ymin,xmax,ymax,score,label
0,182.5452880859375,61.01907730102539,203.6544952392578,82.13502502441406,0.3831486999988556,Tree
1,206.9376983642578,72.26712799072266,226.3942413330078,92.12162017822266,0.33559614419937134,Tree
2,230.3081817626953,57.932857513427734,245.32276916503906,73.7763900756836,0.27742862701416016,Tree
3,50.4134635925293,356.47027587890625,67.2209243774414,375.4206237792969,0.24516114592552185,Tree
4,171.7464599609375,67.4046401977539,186.34217834472656,82.84321594238281,0.2430291473865509,Tree
5,198.16224670410156,42.50374221801758,219.31288146972656,64.00169372558594,0.23298552632331848,Tree
6,389.33251953125,371.834716796875,399.74072265625,389.81829833984375,0.2287682294845581,Tree
7,229.41644287109375,0.0,257.53289794921875,12.174842834472656,0.2223343849182129,Tree
8,70.44886016845703,27.041296005249023,86.33273315429688,43.80359649658203,0.21937206387519836,Tree
