,xmin,ymin,xmax,ymax,score,label
0,78.13932800292969,287.3460388183594,98.96258544921875,307.4569091796875,0.2579426169395447,Tree
