,xmin,ymin,xmax,ymax,score,label
0,76.13858795166016,387.12335205078125,98.48501586914062,400.0,0.3165166676044464,Tree
