,xmin,ymin,xmax,ymax,score,label
0,34.042179107666016,289.4228820800781,68.89326477050781,321.2033996582031,0.4545574188232422,Tree
