,xmin,ymin,xmax,ymax,score,label
0,298.3073425292969,0.0,322.5864562988281,21.779830932617188,0.37265872955322266,Tree
