,xmin,ymin,xmax,ymax,score,label
0,343.7917175292969,230.0558319091797,369.26617431640625,256.5487365722656,0.49486833810806274,Tree
1,177.96920776367188,65.50698852539062,194.25363159179688,82.57292175292969,0.2067326009273529,Tree
