,xmin,ymin,xmax,ymax,score,label
0,13.67595386505127,344.50823974609375,63.247169494628906,391.1141357421875,0.49226680397987366,Tree
1,299.1571044921875,343.32080078125,344.936767578125,391.74090576171875,0.4337831735610962,Tree
2,371.1507263183594,190.9427032470703,400.0,250.20616149902344,0.27120906114578247,Tree
3,0.0,374.0620422363281,27.23076820373535,400.0,0.25136131048202515,Tree
4,309.7798767089844,315.7983093261719,346.03436279296875,350.7265930175781,0.2459925413131714,Tree
