,xmin,ymin,xmax,ymax,score,label
0,0.0,313.1744384765625,50.43748474121094,383.2994384765625,0.5926454067230225,Tree
1,116.15790557861328,70.38487243652344,143.6889190673828,98.50153350830078,0.5684149861335754,Tree
2,15.062788009643555,81.73626708984375,40.04563903808594,106.25548553466797,0.5436097383499146,Tree
3,191.77188110351562,66.75065612792969,260.8135681152344,146.39151000976562,0.5254798531532288,Tree
4,0.0,0.0,29.19763946533203,33.09246826171875,0.3499683141708374,Tree
5,153.5885009765625,114.3110580444336,177.48980712890625,139.49066162109375,0.2404974400997162,Tree
