,xmin,ymin,xmax,ymax,score,label
0,106.92349243164062,118.84058380126953,146.58572387695312,157.79014587402344,0.5755888223648071,Tree
