,xmin,ymin,xmax,ymax,score,label
0,99.65716552734375,20.492050170898438,136.59530639648438,58.852867126464844,0.29277652502059937,Tree
