,xmin,ymin,xmax,ymax,score,label
0,114.55408477783203,95.24765014648438,149.01263427734375,129.2163848876953,0.6503636240959167,Tree
1,80.58196258544922,0.1256471872329712,144.2672576904297,33.87028503417969,0.3679036796092987,Tree
2,190.62051391601562,0.0,214.8040008544922,12.13598346710205,0.36500874161720276,Tree
3,381.4512023925781,0.0,400.0,18.341415405273438,0.26545560359954834,Tree
4,220.6118927001953,8.29115104675293,245.0696563720703,36.34260940551758,0.22328582406044006,Tree
