,xmin,ymin,xmax,ymax,score,label
0,363.69354248046875,387.52777099609375,390.3818664550781,399.7432861328125,0.23265549540519714,Tree
