,xmin,ymin,xmax,ymax,score,label
0,160.26673889160156,373.409423828125,184.68109130859375,398.8199462890625,0.3760796785354614,Tree
1,15.041440963745117,0.0,149.8615264892578,88.68241119384766,0.20264899730682373,Tree
