,xmin,ymin,xmax,ymax,score,label
0,68.48162841796875,75.00653839111328,108.28533172607422,114.89353942871094,0.3334364891052246,Tree
1,268.2278747558594,326.86785888671875,317.4105529785156,376.3597412109375,0.2938375174999237,Tree
