,xmin,ymin,xmax,ymax,score,label
0,238.01220703125,0.0,361.0608215332031,96.77222442626953,0.3358892798423767,Tree
1,0.1407940685749054,0.6127036809921265,87.118408203125,75.14336395263672,0.2454392910003662,Tree
