,xmin,ymin,xmax,ymax,score,label
0,123.26497650146484,58.368038177490234,155.5265655517578,89.260009765625,0.27318382263183594,Tree
