,xmin,ymin,xmax,ymax,score,label
0,359.5577697753906,112.4776382446289,397.6160583496094,152.6800537109375,0.8077131509780884,Tree
1,197.51023864746094,165.31459045410156,235.4271240234375,203.78118896484375,0.7393695116043091,Tree
2,349.99713134765625,281.7044372558594,391.97564697265625,330.6706848144531,0.6296706199645996,Tree
3,306.88177490234375,290.5883483886719,347.6056823730469,333.5849304199219,0.46984949707984924,Tree
4,280.8573303222656,139.6051788330078,307.2135009765625,167.14483642578125,0.3241673707962036,Tree
5,364.5984191894531,246.14512634277344,397.4168395996094,283.6986083984375,0.28592532873153687,Tree
6,30.296342849731445,339.6642761230469,57.70272445678711,367.14886474609375,0.27888286113739014,Tree
7,145.2126007080078,331.57745361328125,173.75167846679688,359.7490539550781,0.21989980340003967,Tree
