,xmin,ymin,xmax,ymax,score,label
0,58.96714401245117,248.34046936035156,79.93733215332031,268.5517578125,0.2507094442844391,Tree
1,45.43232345581055,348.76690673828125,64.9819564819336,369.6067810058594,0.24456340074539185,Tree
2,64.61241912841797,0.6716797947883606,119.37165069580078,37.71739196777344,0.21864551305770874,Tree
3,24.380653381347656,0.9923295974731445,66.22542572021484,34.60877990722656,0.20460838079452515,Tree
