,xmin,ymin,xmax,ymax,score,label
0,370.1673278808594,374.44390869140625,398.83685302734375,400.0,0.20330238342285156,Tree
