,xmin,ymin,xmax,ymax,score,label
0,151.2004852294922,201.6108856201172,273.46075439453125,314.379150390625,0.5625457167625427,Tree
1,311.7378845214844,80.33535766601562,362.0445861816406,133.40576171875,0.48857638239860535,Tree
2,197.58059692382812,127.4921646118164,252.2098846435547,180.9557342529297,0.45171502232551575,Tree
3,0.0,171.22540283203125,43.72241973876953,244.992919921875,0.40493446588516235,Tree
4,53.38223648071289,323.5071716308594,98.25595092773438,369.0199890136719,0.35928618907928467,Tree
5,141.81114196777344,75.08888244628906,199.03282165527344,133.8273468017578,0.3469313979148865,Tree
6,301.8896179199219,145.18710327148438,381.4468078613281,222.87908935546875,0.2960464358329773,Tree
7,206.09730529785156,57.07622528076172,240.04351806640625,93.5953598022461,0.2532126009464264,Tree
8,280.46661376953125,388.8594665527344,303.9154968261719,399.7578125,0.22077348828315735,Tree
