,xmin,ymin,xmax,ymax,score,label
0,37.199588775634766,237.00274658203125,143.50143432617188,352.81292724609375,0.7577756643295288,Tree
1,147.7700653076172,18.408876419067383,183.08074951171875,52.99607849121094,0.5017480850219727,Tree
2,180.69064331054688,241.59568786621094,211.21253967285156,273.3837890625,0.40586191415786743,Tree
3,0.7914576530456543,236.31556701660156,32.99141311645508,270.74188232421875,0.3037301301956177,Tree
