,xmin,ymin,xmax,ymax,score,label
0,177.91635131835938,80.46485137939453,251.78298950195312,149.38693237304688,0.5996456146240234,Tree
1,240.48171997070312,216.18663024902344,276.84765625,258.2530517578125,0.4837925136089325,Tree
2,0.08981619775295258,82.16551971435547,67.6640625,192.8551483154297,0.390640527009964,Tree
3,14.064181327819824,348.5908203125,95.19644165039062,400.0625305175781,0.3728529214859009,Tree
4,62.88459014892578,0.0,120.705322265625,34.65813064575195,0.35305383801460266,Tree
5,111.12933349609375,0.0,152.92962646484375,23.989330291748047,0.21318790316581726,Tree
