,xmin,ymin,xmax,ymax,score,label
0,272.4826965332031,138.93600463867188,364.1894836425781,228.23170471191406,0.5364620685577393,Tree
1,280.85357666015625,357.7090148925781,340.7912292480469,399.78857421875,0.5068981051445007,Tree
2,264.5287170410156,0.0,372.8699035644531,55.57508087158203,0.4354510009288788,Tree
3,0.3922022581100464,161.4132080078125,46.072059631347656,220.85003662109375,0.29935553669929504,Tree
