,xmin,ymin,xmax,ymax,score,label
0,250.8068389892578,262.4316101074219,391.16510009765625,398.6752014160156,0.7011053562164307,Tree
1,69.50016784667969,306.56719970703125,153.5175018310547,393.2566223144531,0.6828562021255493,Tree
2,25.893705368041992,120.724365234375,146.1864776611328,260.11407470703125,0.5652955770492554,Tree
3,123.12808990478516,0.0,195.2937469482422,53.494937896728516,0.41870540380477905,Tree
4,195.29432678222656,0.0,286.95306396484375,76.00894927978516,0.33581435680389404,Tree
5,226.64019775390625,239.3612823486328,277.609375,285.90185546875,0.2927389442920685,Tree
6,355.9443664550781,0.0,399.6985778808594,40.84638977050781,0.2772846817970276,Tree
7,146.7496795654297,96.47708892822266,198.83766174316406,139.91529846191406,0.2486909031867981,Tree
8,374.24969482421875,272.2457580566406,400.0,330.3822326660156,0.22423014044761658,Tree
