,xmin,ymin,xmax,ymax,score,label
0,96.05438995361328,295.7783203125,131.73463439941406,327.8500671386719,0.4241987466812134,Tree
1,62.71630859375,333.64569091796875,98.32814025878906,373.5201721191406,0.4225448966026306,Tree
2,6.425166130065918,50.39097595214844,57.630760192871094,104.00263214111328,0.3523152470588684,Tree
3,159.806640625,100.27849578857422,178.94784545898438,120.08939361572266,0.2548528015613556,Tree
4,0.0,90.24541473388672,20.815282821655273,141.12591552734375,0.20251056551933289,Tree
