,xmin,ymin,xmax,ymax,score,label
0,344.5839538574219,24.491966247558594,397.5163269042969,92.818115234375,0.44820713996887207,Tree
1,368.2125244140625,338.5981140136719,399.7536926269531,382.9635314941406,0.410460501909256,Tree
2,124.4520492553711,133.9839630126953,223.72633361816406,230.96339416503906,0.37201714515686035,Tree
3,251.29261779785156,257.2091064453125,284.5205993652344,286.903564453125,0.35212814807891846,Tree
4,0.32643556594848633,205.6292266845703,14.956931114196777,245.57566833496094,0.21989047527313232,Tree
