,xmin,ymin,xmax,ymax,score,label
0,40.10826110839844,26.560014724731445,128.1405487060547,115.11321258544922,0.613006055355072,Tree
1,85.74553680419922,326.0207214355469,203.46762084960938,397.57281494140625,0.4692441523075104,Tree
2,0.007679402828216553,225.1383819580078,25.535072326660156,274.00927734375,0.28940051794052124,Tree
3,32.887821197509766,117.05367279052734,80.08716583251953,164.61866760253906,0.2555145025253296,Tree
4,0.0,16.961381912231445,39.014801025390625,77.39765167236328,0.25481098890304565,Tree
5,259.8204345703125,227.39129638671875,290.96893310546875,258.3772888183594,0.2344340682029724,Tree
