,xmin,ymin,xmax,ymax,score,label
0,51.77155303955078,329.54644775390625,138.98582458496094,400.0,0.5405178070068359,Tree
1,188.43597412109375,362.7073974609375,233.7567138671875,400.0,0.5221552848815918,Tree
2,167.21063232421875,303.0442199707031,202.59127807617188,341.1338195800781,0.5170246362686157,Tree
3,58.32552719116211,0.0,114.0350341796875,25.883024215698242,0.43041083216667175,Tree
4,201.37127685546875,0.0,322.971923828125,73.40609741210938,0.3865431845188141,Tree
5,257.9443664550781,339.36260986328125,320.3175964355469,398.86834716796875,0.3286818861961365,Tree
6,135.7084197998047,379.3714599609375,179.17149353027344,399.7719421386719,0.21134814620018005,Tree
