,xmin,ymin,xmax,ymax,score,label
0,224.41409301757812,34.47892761230469,328.4609680175781,138.4801788330078,0.7602400779724121,Tree
1,10.636758804321289,141.92056274414062,131.75350952148438,280.19158935546875,0.7494684457778931,Tree
2,302.5268859863281,370.8854064941406,330.5199890136719,395.6664123535156,0.39577996730804443,Tree
3,285.4179992675781,333.3244323730469,314.6962890625,362.7724914550781,0.34875398874282837,Tree
4,311.3229675292969,315.8240966796875,334.6067199707031,342.46893310546875,0.27349644899368286,Tree
5,223.29745483398438,4.044856071472168,248.2564239501953,30.425643920898438,0.24446088075637817,Tree
6,195.584228515625,285.1322937011719,213.7755889892578,307.443359375,0.23895350098609924,Tree
7,174.48617553710938,309.5436706542969,204.92051696777344,339.4508361816406,0.22213691473007202,Tree
