,xmin,ymin,xmax,ymax,score,label
0,130.94337463378906,204.5683135986328,239.25914001464844,312.0856628417969,0.8276786208152771,Tree
1,146.87554931640625,22.404403686523438,188.9289093017578,65.6983642578125,0.7615915536880493,Tree
