,xmin,ymin,xmax,ymax,score,label
0,252.91893005371094,288.2300109863281,388.07818603515625,399.7936096191406,0.584642231464386,Tree
1,259.8326721191406,0.0,306.5467834472656,36.09391784667969,0.42087408900260925,Tree
2,306.85357666015625,0.0,346.20611572265625,35.302371978759766,0.38985854387283325,Tree
3,354.5938415527344,0.0,397.9577941894531,29.17909812927246,0.2503265142440796,Tree
