,xmin,ymin,xmax,ymax,score,label
0,181.86761474609375,290.74365234375,307.5704650878906,396.2337646484375,0.6416857242584229,Tree
1,66.05464172363281,141.29632568359375,156.06655883789062,229.8578643798828,0.6093260049819946,Tree
2,331.3072509765625,211.92684936523438,399.2940979003906,304.6199645996094,0.4056355357170105,Tree
3,121.77153778076172,0.21404588222503662,173.97264099121094,23.64813995361328,0.3268534541130066,Tree
4,93.61288452148438,352.04083251953125,131.08651733398438,390.67626953125,0.32128623127937317,Tree
5,368.48724365234375,178.62876892089844,400.0,232.40879821777344,0.2795851230621338,Tree
