,xmin,ymin,xmax,ymax,score,label
0,26.670516967773438,287.779052734375,99.92692565917969,364.4890441894531,0.7578957676887512,Tree
1,156.98980712890625,70.50119018554688,235.38632202148438,141.13217163085938,0.7193145751953125,Tree
2,323.834228515625,369.1022644042969,375.0644226074219,400.0,0.4207269549369812,Tree
3,59.80265426635742,374.3492126464844,88.50116729736328,400.0,0.34976765513420105,Tree
4,326.0256042480469,0.0,400.0,51.32574462890625,0.2638397216796875,Tree
5,337.2817077636719,138.65992736816406,360.09039306640625,163.8479766845703,0.20820006728172302,Tree
