,xmin,ymin,xmax,ymax,score,label
0,221.4727325439453,97.35922241210938,296.15924072265625,173.53118896484375,0.7886239290237427,Tree
1,181.9231414794922,217.36590576171875,287.48358154296875,314.41015625,0.7574643492698669,Tree
2,95.67460632324219,48.71906280517578,174.922607421875,140.28317260742188,0.7318633198738098,Tree
3,332.6357727050781,302.3524169921875,400.0,384.7054748535156,0.7200253009796143,Tree
4,330.4713439941406,133.3403778076172,400.0,225.36289978027344,0.6691582202911377,Tree
5,21.72821807861328,0.0,109.29695892333984,54.536170959472656,0.43023350834846497,Tree
6,242.5182647705078,0.0,386.6904602050781,100.98365783691406,0.4127355217933655,Tree
