,xmin,ymin,xmax,ymax,score,label
0,0.0,236.819091796875,100.26471710205078,356.57586669921875,0.6848271489143372,Tree
1,122.81388092041016,258.2994689941406,254.63345336914062,392.6426086425781,0.6215159893035889,Tree
2,350.826171875,176.04396057128906,397.72412109375,226.73678588867188,0.47017043828964233,Tree
3,382.4557800292969,105.59275817871094,400.0,142.61366271972656,0.3195931315422058,Tree
4,181.2135467529297,0.0,252.4783477783203,44.79988479614258,0.3112577199935913,Tree
5,115.4867935180664,94.3812026977539,166.8438720703125,151.75120544433594,0.29527193307876587,Tree
6,335.8872985839844,214.2185516357422,361.3351745605469,241.6578826904297,0.21836644411087036,Tree
