,xmin,ymin,xmax,ymax,score,label
0,127.1172866821289,245.82594299316406,246.04144287109375,377.6430969238281,0.8819495439529419,Tree
1,266.5683898925781,130.6002197265625,297.5231628417969,162.26852416992188,0.4105411767959595,Tree
2,312.11572265625,0.0,388.72100830078125,34.459957122802734,0.3298124670982361,Tree
3,158.47193908691406,45.04433822631836,188.4098358154297,78.21937561035156,0.28122028708457947,Tree
4,217.81341552734375,145.3766326904297,240.06808471679688,168.953857421875,0.276786208152771,Tree
5,367.2138366699219,205.57008361816406,400.0,281.4527282714844,0.24905115365982056,Tree
6,140.8843231201172,170.2161102294922,169.06021118164062,194.92642211914062,0.21402493119239807,Tree
