,xmin,ymin,xmax,ymax,score,label
0,235.0049591064453,120.7658462524414,311.04058837890625,205.59188842773438,0.7656288743019104,Tree
