,xmin,ymin,xmax,ymax,score,label
0,41.949127197265625,158.68630981445312,155.21534729003906,276.6533508300781,0.7506041526794434,Tree
1,294.84991455078125,30.444578170776367,372.9458923339844,108.69987487792969,0.6890700459480286,Tree
2,269.239501953125,365.1029052734375,308.90118408203125,399.8735046386719,0.49678486585617065,Tree
3,207.96994018554688,16.825122833251953,243.31166076660156,49.910518646240234,0.40491044521331787,Tree
4,249.52120971679688,70.62940979003906,268.98040771484375,90.87045288085938,0.2536003589630127,Tree
