,xmin,ymin,xmax,ymax,score,label
0,328.44415283203125,127.96012878417969,399.8804626464844,221.19171142578125,0.6598829627037048,Tree
1,91.92234802246094,193.43661499023438,149.01348876953125,244.00244140625,0.6280537843704224,Tree
2,330.42041015625,39.600868225097656,399.97216796875,121.47993469238281,0.5463869571685791,Tree
3,59.09473419189453,53.469078063964844,100.87928771972656,92.42676544189453,0.4672897458076477,Tree
4,0.0,332.4843444824219,26.935264587402344,399.67852783203125,0.3746245801448822,Tree
5,157.53721618652344,44.768585205078125,193.98907470703125,80.63874816894531,0.31180399656295776,Tree
6,60.11474609375,98.30843353271484,90.81356811523438,123.50070190429688,0.31139257550239563,Tree
7,134.81044006347656,266.9516906738281,158.56723022460938,292.3825378417969,0.249940425157547,Tree
8,29.22220802307129,63.1075325012207,49.05302810668945,85.1788558959961,0.23450827598571777,Tree
