,xmin,ymin,xmax,ymax,score,label
0,186.27401733398438,97.38432312011719,320.7176818847656,230.16920471191406,0.7685321569442749,Tree
1,0.5659313797950745,176.2010498046875,81.70565032958984,260.42889404296875,0.5181006789207458,Tree
2,130.3082733154297,176.73802185058594,181.19589233398438,231.59317016601562,0.3464078903198242,Tree
3,122.73119354248047,305.7769775390625,162.96371459960938,341.5993347167969,0.3235819339752197,Tree
4,0.676771879196167,264.0970458984375,37.296104431152344,299.40716552734375,0.23781278729438782,Tree
