,xmin,ymin,xmax,ymax,score,label
0,288.43743896484375,44.6103630065918,393.0865478515625,136.7685089111328,0.7015676498413086,Tree
1,26.826528549194336,99.5693359375,132.35787963867188,191.00897216796875,0.6776189208030701,Tree
2,0.0,206.96694946289062,62.20317840576172,302.763427734375,0.4258051812648773,Tree
3,383.27783203125,252.7939453125,399.89263916015625,289.4974670410156,0.34282898902893066,Tree
4,388.74102783203125,180.8647003173828,400.0,204.7249298095703,0.33632850646972656,Tree
5,346.6082763671875,0.0,399.5482177734375,42.88284683227539,0.3043088912963867,Tree
