,xmin,ymin,xmax,ymax,score,label
0,183.65016174316406,0.0,259.7767028808594,50.8081169128418,0.4388319253921509,Tree
1,43.86433410644531,329.156494140625,67.76071166992188,355.6468200683594,0.4125511944293976,Tree
2,359.78839111328125,227.49649047851562,398.96044921875,274.14495849609375,0.3748112916946411,Tree
3,120.88814544677734,0.2291274070739746,176.71023559570312,38.80414581298828,0.3489428758621216,Tree
4,78.01932525634766,298.4600830078125,107.36969757080078,328.0732727050781,0.3155989646911621,Tree
5,179.982421875,377.818603515625,220.4875946044922,400.0,0.3146340847015381,Tree
6,96.93085479736328,262.8786926269531,139.86849975585938,306.63287353515625,0.2579561173915863,Tree
7,76.03697967529297,327.90716552734375,128.62554931640625,380.8184814453125,0.25709235668182373,Tree
8,232.1187744140625,298.2785949707031,256.2407531738281,322.80670166015625,0.206545889377594,Tree
