,xmin,ymin,xmax,ymax,score,label
0,333.57147216796875,22.09881591796875,359.7196350097656,50.024234771728516,0.6071114540100098,Tree
1,231.30007934570312,268.5361022949219,262.479736328125,297.5687561035156,0.43102407455444336,Tree
2,127.75093078613281,23.092121124267578,148.6757049560547,43.86430358886719,0.2899829149246216,Tree
3,104.17747497558594,7.781127452850342,122.00021362304688,27.712230682373047,0.22399699687957764,Tree
4,185.9925994873047,35.49884796142578,205.57154846191406,56.012794494628906,0.22353187203407288,Tree
5,376.3900451660156,27.460044860839844,392.0125732421875,43.78154754638672,0.2191833257675171,Tree
6,183.26101684570312,0.0,205.36761474609375,11.729276657104492,0.21605715155601501,Tree
7,89.55245208740234,0.010813594795763493,104.96669006347656,8.45977783203125,0.20450511574745178,Tree
