,xmin,ymin,xmax,ymax,score,label
0,170.89154052734375,0.0,200.0565185546875,15.459038734436035,0.3927319645881653,Tree
1,112.94767761230469,20.514488220214844,156.8297882080078,66.72795867919922,0.2792198956012726,Tree
2,135.45001220703125,383.0738525390625,174.5102996826172,400.0,0.23584219813346863,Tree
3,372.9665832519531,302.6812744140625,399.6739807128906,336.0523986816406,0.22423025965690613,Tree
4,40.27658462524414,75.35335540771484,69.53942108154297,106.09024810791016,0.21538788080215454,Tree
5,322.4100341796875,324.9070739746094,347.3348083496094,353.0093078613281,0.21491819620132446,Tree
