,xmin,ymin,xmax,ymax,score,label
0,268.36871337890625,357.1627197265625,301.9761657714844,388.8564758300781,0.2309989631175995,Tree
1,237.87313842773438,364.3275146484375,266.3693542480469,397.28070068359375,0.2300330400466919,Tree
2,288.2801513671875,386.8062438964844,308.8270263671875,399.9771728515625,0.2215556800365448,Tree
3,268.5569763183594,385.93023681640625,289.4573669433594,399.9198913574219,0.21101227402687073,Tree
