,xmin,ymin,xmax,ymax,score,label
0,146.806640625,42.398223876953125,205.91600036621094,105.15283203125,0.8070093393325806,Tree
1,291.2376708984375,3.7101898193359375,378.03399658203125,100.93474578857422,0.6504942178726196,Tree
2,372.7114562988281,320.0869445800781,400.0,359.3000183105469,0.6339932680130005,Tree
3,0.16176724433898926,0.0,56.57358169555664,50.09120178222656,0.5807235836982727,Tree
4,346.68939208984375,280.2579650878906,373.8299255371094,315.3572998046875,0.42064759135246277,Tree
