,xmin,ymin,xmax,ymax,score,label
0,129.6585693359375,28.101459503173828,199.43719482421875,113.5871353149414,0.7523226737976074,Tree
1,58.82627868652344,46.93178176879883,104.45318603515625,96.36849975585938,0.7130210995674133,Tree
2,1.1210355758666992,44.523948669433594,51.71967697143555,101.92755126953125,0.6492445468902588,Tree
3,89.8692626953125,17.56488609313965,132.47344970703125,58.358158111572266,0.546149730682373,Tree
4,36.35472869873047,224.82391357421875,75.2624282836914,265.14019775390625,0.5285753607749939,Tree
5,66.99588775634766,0.10461831092834473,117.96332550048828,24.745445251464844,0.5148364901542664,Tree
6,158.77609252929688,364.3155212402344,222.16607666015625,399.8143005371094,0.3595307469367981,Tree
7,121.24275207519531,0.5889366269111633,142.09771728515625,19.44127655029297,0.2907395362854004,Tree
8,177.84542846679688,307.81768798828125,195.0589599609375,326.7954406738281,0.20092448592185974,Tree
