,xmin,ymin,xmax,ymax,score,label
0,229.2369842529297,87.35972595214844,275.2242736816406,136.0476837158203,0.5540499091148376,Tree
1,0.0,166.95938110351562,69.76653289794922,251.9029541015625,0.4718121290206909,Tree
2,52.35517883300781,0.08792436122894287,97.9480209350586,26.79709815979004,0.3330668807029724,Tree
3,379.1815185546875,0.0,399.2149963378906,11.847686767578125,0.23013165593147278,Tree
4,94.62944030761719,9.603004455566406,121.18810272216797,37.42019271850586,0.2009548842906952,Tree
