,xmin,ymin,xmax,ymax,score,label
0,179.96121215820312,171.1219482421875,236.52938842773438,231.6898651123047,0.5242913365364075,Tree
1,41.0363655090332,292.4737854003906,105.11872863769531,356.6001281738281,0.49561429023742676,Tree
2,26.94571876525879,109.5266342163086,42.83626937866211,126.764892578125,0.2697736620903015,Tree
3,373.6904296875,352.69781494140625,400.0,393.16021728515625,0.21341371536254883,Tree
