,xmin,ymin,xmax,ymax,score,label
0,14.58028793334961,34.95408630371094,51.55002212524414,72.09040832519531,0.6029406785964966,Tree
1,174.34878540039062,165.87501525878906,251.06175231933594,242.21897888183594,0.5982937216758728,Tree
2,0.0,170.1310272216797,48.39668273925781,224.74191284179688,0.5754894614219666,Tree
3,0.0,297.304931640625,39.16102981567383,346.2875671386719,0.5280431509017944,Tree
4,1.2633644342422485,380.9772644042969,37.591346740722656,399.9815673828125,0.32205837965011597,Tree
5,0.2391587495803833,339.1627197265625,19.641246795654297,375.6940002441406,0.28738903999328613,Tree
6,0.0,63.89792251586914,14.15740966796875,90.01264953613281,0.28738683462142944,Tree
7,0.0,232.5076904296875,14.024811744689941,267.0019836425781,0.23216763138771057,Tree
