,xmin,ymin,xmax,ymax,score,label
0,229.37783813476562,127.35758209228516,295.4441223144531,201.54002380371094,0.7826772332191467,Tree
1,174.14614868164062,162.44627380371094,235.65374755859375,226.6363983154297,0.7719216346740723,Tree
2,331.5656433105469,136.70472717285156,399.75115966796875,211.0491180419922,0.49232518672943115,Tree
3,365.2311706542969,219.52301025390625,400.0,271.66412353515625,0.45383644104003906,Tree
4,303.4636535644531,47.17564392089844,338.6627197265625,85.78844451904297,0.3455732464790344,Tree
