,xmin,ymin,xmax,ymax,score,label
0,71.83978271484375,0.0,154.50987243652344,47.10208511352539,0.27896857261657715,Tree
