,xmin,ymin,xmax,ymax,score,label
0,1.9874906539916992,0.0,79.26248931884766,53.58122634887695,0.29023218154907227,Tree
1,103.4718017578125,385.0585632324219,132.268310546875,399.8266296386719,0.21442243456840515,Tree
