,xmin,ymin,xmax,ymax,score,label
0,317.2131652832031,198.6959228515625,346.1950378417969,227.4839324951172,0.30847322940826416,Tree
1,291.0106506347656,198.570068359375,309.4862365722656,219.7676239013672,0.2157214879989624,Tree
