,xmin,ymin,xmax,ymax,score,label
0,0.0,9.168596267700195,16.371803283691406,44.64013671875,0.29093027114868164,Tree
1,52.255977630615234,0.05397796630859375,85.10069274902344,32.181827545166016,0.23630794882774353,Tree
