,xmin,ymin,xmax,ymax,score,label
0,0.0,0.0,20.318859100341797,24.49898910522461,0.33656221628189087,Tree
1,0.0,286.53955078125,14.381872177124023,307.6224365234375,0.2748221158981323,Tree
2,0.06672433018684387,331.9491882324219,11.514220237731934,351.57525634765625,0.24348708987236023,Tree
