,xmin,ymin,xmax,ymax,score,label
0,328.7873840332031,171.2230682373047,393.97332763671875,243.9488983154297,0.29773151874542236,Tree
