,xmin,ymin,xmax,ymax,score,label
0,0.0,344.4488830566406,61.207035064697266,398.7374572753906,0.41788381338119507,Tree
1,380.7461242675781,174.15444946289062,399.9312744140625,202.19602966308594,0.276123970746994,Tree
2,386.3749084472656,155.71090698242188,399.75946044921875,174.7791290283203,0.25341084599494934,Tree
3,0.0,310.19622802734375,13.676848411560059,332.5582275390625,0.20631936192512512,Tree
