,xmin,ymin,xmax,ymax,score,label
0,301.628173828125,152.9786376953125,341.9333190917969,196.0213165283203,0.5785369873046875,Tree
1,351.4218444824219,14.75541877746582,395.7328186035156,61.62849044799805,0.5771170854568481,Tree
2,347.1023254394531,107.8038101196289,399.9525451660156,175.6263427734375,0.541620135307312,Tree
3,275.8185729980469,124.26716613769531,300.18585205078125,150.4461212158203,0.5040199160575867,Tree
4,375.0535583496094,183.1106719970703,399.7101135253906,221.0820770263672,0.435011088848114,Tree
5,334.3326721191406,47.66252899169922,357.8100891113281,73.01216888427734,0.36774900555610657,Tree
6,334.9373779296875,10.359814643859863,350.3577575683594,27.920001983642578,0.29410505294799805,Tree
7,304.203125,39.19034957885742,327.4959411621094,63.668914794921875,0.27620336413383484,Tree
8,372.7984313964844,71.14311981201172,394.9454650878906,93.23046112060547,0.25720733404159546,Tree
